NO;Nilai;Kurs Jual;Kurs Beli;Tanggal
1;1;17228.3;17050.74;12/29/2023
2;1;17108.34;16931.97;12/28/2023
3;1;17130.87;16954.26;12/27/2023
4;1;17093.68;16917.4;12/22/2023
5;1;17093.95;16920.78;12/21/2023
6;1;17034.36;16858.69;12/20/2023
7;1;17029.75;16857.21;12/19/2023
8;1;17137.0;16960.33;12/18/2023
9;1;16945.34;16770.56;12/15/2023
10;1;16941.73;16770.04;12/14/2023
11;1;16931.33;16756.63;12/13/2023
12;1;16881.53;16707.34;12/12/2023
13;1;16797.22;16623.91;12/11/2023
14;1;16829.99;16656.34;12/08/2023
15;1;16814.02;16640.54;12/07/2023
16;1;16843.62;16669.85;12/06/2023
17;1;16858.23;16684.34;12/05/2023
18;1;17001.09;16825.74;12/04/2023
19;1;17047.54;16870.21;12/01/2023
20;1;16985.37;16810.24;11/30/2023
21;1;16988.36;16816.25;11/29/2023
22;1;17087.08;16910.87;11/28/2023
23;1;17092.01;16915.74;11/27/2023
24;1;17104.86;16928.45;11/24/2023
25;1;17099.68;16923.34;11/23/2023
26;1;16997.79;16822.52;11/22/2023
27;1;16926.38;16751.83;11/21/2023
28;1;16881.02;16711.51;11/20/2023
29;1;16994.21;16823.55;11/17/2023
30;1;16942.25;16767.51;11/16/2023
31;1;16894.55;16724.87;11/15/2023
32;1;16889.08;16714.77;11/14/2023
33;1;16821.85;16652.9;11/13/2023
34;1;16839.17;16665.37;11/10/2023
35;1;16779.95;16611.42;11/09/2023
36;1;16766.37;16597.98;11/08/2023
37;1;16777.95;16604.82;11/07/2023
38;1;16851.56;16677.62;11/06/2023
39;1;16903.1;16730.17;11/03/2023
40;1;16932.79;16757.95;11/02/2023
41;1;16971.83;16799.78;11/01/2023
42;1;16876.94;16702.67;10/31/2023
43;1;16914.66;16740.02;10/30/2023
44;1;16893.37;16718.92;10/27/2023
45;1;16900.99;16728.09;10/26/2023
46;1;17007.31;16830.2;10/25/2023
47;1;16984.08;16808.73;10/24/2023
48;1;16846.78;16672.84;10/23/2023
49;1;16775.13;16601.91;10/20/2023
50;1;16726.62;16553.91;10/19/2023
51;1;16663.82;16491.76;10/18/2023
52;1;16641.17;16469.33;10/17/2023
53;1;16663.76;16494.81;10/16/2023
54;1;16763.64;16590.58;10/13/2023
55;1;16732.71;16559.96;10/12/2023
56;1;16687.95;16520.34;10/11/2023
57;1;16578.86;16407.65;10/10/2023
58;1;16576.26;16405.1;10/09/2023
59;1;16478.63;16308.46;10/06/2023
60;1;16479.46;16309.26;10/05/2023
61;1;16436.82;16267.06;10/04/2023
62;1;16494.95;16324.66;10/03/2023
63;1;16506.08;16335.69;10/02/2023
64;1;16488.36;16319.66;9/29/2023
65;1;16448.93;16283.72;9/27/2023
66;1;16463.37;16296.48;9/26/2023
67;1;16466.36;16296.38;9/25/2023
68;1;16493.73;16323.47;9/22/2023
69;1;16542.16;16374.5;9/21/2023
70;1;16532.23;16361.6;9/20/2023
71;1;16475.73;16305.69;9/19/2023
72;1;16470.84;16302.38;9/18/2023
73;1;16572.79;16403.32;9/15/2023
74;1;16594.4;16423.17;9/14/2023
75;1;16523.3;16352.78;9/13/2023
76;1;16551.97;16385.75;09/12/2023
77;1;16512.36;16343.49;09/11/2023
78;1;16512.53;16342.13;09/08/2023
79;1;16506.53;16336.2;09/07/2023
80;1;16498.79;16328.55;09/06/2023
81;1;16546.03;16376.84;09/05/2023
82;1;16638.83;16467.2;09/04/2023
83;1;16682.18;16511.65;09/01/2023
84;1;16627.7;16460.75;8/31/2023
85;1;16603.28;16431.99;8/30/2023
86;1;16615.48;16447.11;8/29/2023
87;1;16555.71;16387.92;8/28/2023
88;1;16646.04;16474.35;8/25/2023
89;1;16664.19;16495.34;8/24/2023
90;1;16830.45;16659.94;8/23/2023
91;1;16773.67;16600.66;8/22/2023
92;1;16732.23;16561.17;8/21/2023
93;1;16807.61;16634.28;8/18/2023
94;1;16844.71;16670.99;8/16/2023
95;1;16870.27;16696.32;8/15/2023
96;1;16820.53;16647.1;8/14/2023
97;1;16824.83;16654.39;08/11/2023
98;1;16788.84;16617.25;08/10/2023
99;1;16800.46;16630.25;08/09/2023
100;1;16768.6;16595.71;08/08/2023
101;1;16687.43;16515.35;08/07/2023
102;1;16682.25;16510.21;08/04/2023
103;1;16757.81;16585.04;08/03/2023
104;1;16676.9;16504.95;08/02/2023
105;1;16713.02;16540.72;08/01/2023
106;1;16606.05;16434.8;7/31/2023
107;1;16781.83;16608.88;7/28/2023
108;1;16728.16;16555.73;7/27/2023
109;1;16677.71;16505.8;7/26/2023
110;1;16735.79;16563.28;7/25/2023
111;1;16810.58;16637.33;7/24/2023
112;1;16887.42;16713.43;7/21/2023
113;1;16952.59;16777.94;7/20/2023
114;1;16961.25;16786.52;7/18/2023
115;1;16858.14;16687.42;7/17/2023
116;1;16794.51;16621.44;7/14/2023
117;1;16714.78;16542.46;7/13/2023
118;1;16776.83;16603.86;07/12/2023
119;1;16726.05;16553.58;07/11/2023
120;1;16539.66;16372.07;07/10/2023
121;1;16437.6;16268.05;07/07/2023
122;1;16420.35;16250.97;07/06/2023
123;1;16460.52;16290.76;07/05/2023
124;1;16434.24;16264.74;07/04/2023
125;1;16493.56;16323.47;07/03/2023
126;1;16458.72;16288.97;6/27/2023
127;1;16390.37;16225.79;6/26/2023
128;1;16488.85;16318.84;6/23/2023
129;1;16431.61;16262.14;6/22/2023
130;1;16542.07;16374.48;6/21/2023
131;1;16476.41;16306.5;6/20/2023
132;1;16434.59;16265.1;6/19/2023
133;1;16264.19;16096.4;6/16/2023
134;1;16152.07;15985.41;6/15/2023
135;1;16134.74;15968.28;6/14/2023
136;1;16103.88;15937.72;6/13/2023
137;1;16087.11;15921.14;06/12/2023
138;1;16049.9;15884.28;06/09/2023
139;1;15970.42;15810.03;06/08/2023
140;1;15975.01;15814.59;06/07/2023
141;1;15991.86;15826.81;06/06/2023
142;1;16098.79;15932.64;06/05/2023
143;1;16086.38;15920.37;5/31/2023
144;1;16147.86;15981.23;5/30/2023
145;1;16149.31;15984.14;5/29/2023
146;1;16114.7;15948.4;5/26/2023
147;1;16152.42;15985.77;5/25/2023
148;1;16154.56;15990.86;5/24/2023
149;1;16182.68;16015.72;5/23/2023
150;1;16177.01;16010.1;5/22/2023
151;1;16200.64;16033.52;5/19/2023
152;1;16210.22;16043.03;5/17/2023
153;1;16190.08;16023.09;5/16/2023
154;1;16174.9;16008.09;5/15/2023
155;1;16180.48;16013.62;05/12/2023
156;1;16242.42;16077.87;05/11/2023
157;1;16284.2;16116.3;05/10/2023
158;1;16339.15;16175.1;05/09/2023
159;1;16267.82;16100.11;05/08/2023
160;1;16262.44;16094.8;05/05/2023
161;1;16310.69;16144.0;05/04/2023
162;1;16223.13;16055.87;05/03/2023
163;1;16209.21;16045.0;05/02/2023
164;1;16382.83;16213.96;4/28/2023
165;1;16483.46;16313.52;4/27/2023
166;1;16378.9;16210.03;4/26/2023
167;1;16322.64;16154.35;4/18/2023
168;1;16312.02;16143.87;4/17/2023
169;1;16367.42;16201.62;4/14/2023
170;1;16323.8;16159.9;4/13/2023
171;1;16307.56;16139.37;04/12/2023
172;1;16351.64;16183.02;04/11/2023
173;1;16376.82;16212.37;04/10/2023
174;1;16433.4;16263.93;04/06/2023
175;1;16373.92;16205.05;04/05/2023
176;1;16330.41;16161.95;04/04/2023
177;1;16379.47;16213.5;04/03/2023
178;1;16428.52;16262.06;3/31/2023
179;1;16440.67;16272.58;3/30/2023
180;1;16412.91;16246.59;3/29/2023
181;1;16404.29;16238.04;3/28/2023
182;1;16530.4;16359.89;3/27/2023
183;1;16534.86;16364.22;3/24/2023
184;1;16471.57;16301.56;3/21/2023
185;1;16469.18;16300.72;3/20/2023
186;1;16469.73;16299.72;3/17/2023
187;1;16584.53;16416.44;3/16/2023
188;1;16524.97;16359.01;3/15/2023
189;1;16572.6;16401.58;3/14/2023
190;1;16474.95;16307.94;3/13/2023
191;1;16377.83;16208.73;03/10/2023
192;1;16377.65;16208.54;03/09/2023
193;1;16494.7;16324.45;03/08/2023
194;1;16377.04;16208.0;03/07/2023
195;1;16331.63;16163.04;03/06/2023
196;1;16324.04;16155.55;03/03/2023
197;1;16314.79;16147.9;03/02/2023
198;1;16235.17;16067.56;03/01/2023
199;1;16203.85;16036.54;2/28/2023
200;1;16191.25;16028.63;2/27/2023
201;1;16201.6;16038.89;2/24/2023
202;1;16294.32;16129.16;2/23/2023
203;1;16278.5;16113.5;2/22/2023
204;1;16310.91;16144.08;2/21/2023
205;1;16254.13;16086.34;2/20/2023
206;1;16328.66;16160.15;2/17/2023
207;1;16355.66;16189.9;2/16/2023
208;1;16362.74;16196.91;2/15/2023
209;1;16342.65;16173.98;2/14/2023
210;1;16353.83;16185.08;2/13/2023
211;1;16314.0;16150.16;02/10/2023
212;1;16343.51;16174.87;02/09/2023
213;1;16316.23;16147.87;02/08/2023
214;1;16311.94;16143.66;02/07/2023
215;1;16315.52;16147.25;02/06/2023
216;1;16429.1;16262.67;02/03/2023
217;1;16394.77;16228.66;02/02/2023
218;1;16337.1;16171.56;02/01/2023
219;1;16372.62;16203.74;1/31/2023
220;1;16371.52;16204.15;1/30/2023
221;1;16422.39;16253.03;1/27/2023
222;1;16358.68;16189.96;1/26/2023
223;1;16349.07;16180.45;1/25/2023
224;1;16476.15;16306.2;1/24/2023
225;1;16423.4;16253.96;1/20/2023
226;1;16473.81;16305.39;1/19/2023
227;1;16498.41;16328.22;1/18/2023
228;1;16349.92;16181.27;1/17/2023
229;1;16544.81;16374.13;1/16/2023
230;1;16619.57;16451.15;1/13/2023
231;1;16770.31;16598.79;01/12/2023
232;1;16820.03;16648.02;01/11/2023
233;1;16713.07;16540.57;01/10/2023
234;1;16523.97;16353.34;01/09/2023
235;1;16646.59;16474.74;01/06/2023
236;1;16626.82;16455.15;01/05/2023
237;1;16651.9;16483.1;01/04/2023
238;1;16717.18;16544.64;01/03/2023
239;1;16694.78;16522.45;01/02/2023
240;1;16799.34;16625.92;12/30/2022
241;1;16807.31;16633.83;12/29/2022
242;1;16750.78;16577.86;12/28/2022
243;1;16704.17;16531.74;12/27/2022
244;1;16667.91;16495.86;12/26/2022
245;1;16682.81;16510.61;12/23/2022
246;1;16674.62;16502.5;12/22/2022
247;1;16655.44;16483.5;12/21/2022
248;1;16689.71;16517.44;12/20/2022
249;1;16693.29;16520.98;12/19/2022
250;1;16721.33;16548.72;12/16/2022
251;1;16687.58;16515.33;12/15/2022
252;1;16619.14;16447.53;12/14/2022
253;1;16545.52;16374.66;12/13/2022
254;1;16556.26;16385.33;12/12/2022
255;1;16520.2;16352.71;12/09/2022
256;1;16417.59;16251.13;12/08/2022
257;1;16428.75;16262.18;12/07/2022
258;1;16320.75;16152.21;12/06/2022
259;1;16312.47;16144.01;12/05/2022
260;1;16329.16;16160.48;12/02/2022
261;1;16379.18;16209.94;12/01/2022
262;1;16411.93;16243.94;11/30/2022
263;1;16394.11;16224.72;11/29/2022
264;1;16395.09;16230.4;11/28/2022
265;1;16379.41;16210.19;11/25/2022
266;1;16314.97;16149.51;11/24/2022
267;1;16217.87;16050.25;11/23/2022
268;1;16199.11;16034.81;11/22/2022
269;1;16369.74;16200.61;11/21/2022
270;1;16394.47;16225.11;11/18/2022
271;1;16324.98;16156.33;11/17/2022
272;1;16281.57;16113.37;11/16/2022
273;1;16098.31;15936.58;11/15/2022
274;1;15951.95;15787.04;11/14/2022
275;1;15784.23;15620.94;11/11/2022
276;1;15840.82;15676.97;11/10/2022
277;1;15760.84;15597.78;11/09/2022
278;1;15660.07;15498.0;11/08/2022
279;1;15455.69;15300.33;11/07/2022
280;1;15415.85;15256.21;11/04/2022
281;1;15554.08;15393.08;11/03/2022
282;1;15624.6;15466.01;11/02/2022
283;1;15572.1;15410.95;11/01/2022
284;1;15543.17;15386.97;10/31/2022
285;1;15754.16;15594.31;10/28/2022
286;1;15728.84;15570.78;10/27/2022
287;1;15485.35;15325.05;10/26/2022
288;1;15406.3;15246.79;10/25/2022
289;1;15360.17;15201.12;10/24/2022
290;1;15328.11;15169.38;10/21/2022
291;1;15316.24;15157.69;10/20/2022
292;1;15325.58;15166.94;10/19/2022
293;1;15166.91;15009.83;10/18/2022
294;1;15105.02;14948.6;10/17/2022
295;1;14976.94;14824.87;10/14/2022
296;1;15001.81;14846.43;10/13/2022
297;1;14978.73;14826.63;10/12/2022
298;1;14925.0;14773.44;10/11/2022
299;1;15018.85;14863.34;10/10/2022
300;1;15138.59;14986.43;10/07/2022
301;1;15183.4;15026.28;10/06/2022
302;1;15162.01;15005.06;10/05/2022
303;1;15080.52;14924.37;10/04/2022
304;1;15072.41;14920.92;10/03/2022
305;1;14793.06;14639.78;9/30/2022
306;1;14680.41;14528.26;9/29/2022
307;1;14690.08;14542.41;9/28/2022
308;1;14703.8;14551.49;9/27/2022
309;1;14771.7;14618.75;9/26/2022
310;1;14877.01;14725.98;9/23/2022
311;1;14953.3;14798.53;9/22/2022
312;1;15099.54;14943.34;9/21/2022
313;1;15021.78;14866.35;9/20/2022
314;1;14952.13;14801.88;9/19/2022
315;1;14943.55;14788.92;9/16/2022
316;1;14979.61;14824.63;9/15/2022
317;1;15157.85;15001.1;9/14/2022
318;1;15171.19;15014.34;9/13/2022
319;1;15072.42;14916.53;09/12/2022
320;1;14957.05;14805.27;09/09/2022
321;1;14887.63;14738.0;09/08/2022
322;1;14919.03;14769.11;09/07/2022
323;1;14859.65;14708.82;09/06/2022
324;1;14958.03;14803.26;09/05/2022
325;1;15004.79;14854.01;09/02/2022
326;1;14937.71;14783.17;09/01/2022
327;1;14992.73;14840.59;8/31/2022
328;1;14880.64;14726.66;8/30/2022
329;1;14846.38;14695.71;8/29/2022
330;1;14907.1;14752.86;8/26/2022
331;1;14859.58;14705.82;8/25/2022
332;1;14867.19;14713.32;8/24/2022
333;1;14956.41;14806.11;8/23/2022
334;1;15065.19;14909.37;8/22/2022
335;1;15141.9;14985.33;8/19/2022
336;1;15078.28;14922.38;8/18/2022
337;1;15148.46;14993.32;8/16/2022
338;1;15195.43;15038.38;8/15/2022
339;1;15356.37;15197.67;08/12/2022
340;1;15257.34;15104.04;08/11/2022
341;1;15257.44;15102.67;08/10/2022
342;1;15298.37;15144.65;08/09/2022
343;1;15327.52;15169.08;08/08/2022
344;1;15272.22;15114.3;08/05/2022
345;1;15271.92;15117.0;08/04/2022
346;1;15305.08;15148.35;08/03/2022
347;1;15298.16;15142.98;08/02/2022
348;1;15286.75;15131.69;08/01/2022
349;1;15349.98;15195.76;7/29/2022
350;1;15306.43;15151.14;7/28/2022
351;1;15391.72;15237.08;7/27/2022
352;1;15353.23;15194.5;7/26/2022
353;1;15313.53;15155.17;7/25/2022
354;1;15387.88;15233.29;7/22/2022
355;1;15396.24;15240.06;7/21/2022
356;1;15430.07;15270.57;7/20/2022
357;1;15280.82;15122.81;7/19/2022
358;1;15120.73;14964.29;7/18/2022
359;1;15129.77;14973.25;7/15/2022
360;1;15123.17;14966.74;7/14/2022
361;1;15083.04;14926.98;7/13/2022
362;1;15215.34;15058.0;07/12/2022
363;1;15232.06;15074.54;07/11/2022
364;1;15368.17;15209.29;07/08/2022
365;1;15461.3;15301.48;07/07/2022
366;1;15527.44;15369.96;07/06/2022
367;1;15694.83;15532.71;07/05/2022
368;1;15731.21;15571.71;07/04/2022
369;1;15617.48;15456.16;07/01/2022
370;1;15690.74;15528.7;6/30/2022
371;1;15796.91;15633.83;6/29/2022
372;1;15750.72;15588.1;6/28/2022
373;1;15731.89;15569.45;6/27/2022
374;1;15648.68;15487.06;6/24/2022
375;1;15689.98;15532.38;6/23/2022
376;1;15739.46;15576.95;6/22/2022
377;1;15700.42;15538.29;6/21/2022
378;1;15683.01;15521.06;6/20/2022
379;1;15420.63;15264.26;6/17/2022
380;1;15550.34;15386.81;6/16/2022
381;1;15489.49;15333.9;6/15/2022
382;1;15447.24;15287.7;6/14/2022
383;1;15545.25;15384.77;6/13/2022
384;1;15672.2;15514.81;06/10/2022
385;1;15544.57;15384.13;06/09/2022
386;1;15529.15;15368.88;06/08/2022
387;1;15627.29;15466.04;06/07/2022
388;1;15598.15;15441.51;06/06/2022
389;1;15597.18;15440.54;06/03/2022
390;1;15732.57;15570.22;06/02/2022
391;1;15731.98;15573.99;5/31/2022
392;1;15720.4;15561.08;5/30/2022
393;1;15705.82;15546.63;5/27/2022
394;1;15770.36;15607.61;5/25/2022
395;1;15697.8;15535.76;5/24/2022
396;1;15581.53;15420.66;5/23/2022
397;1;15538.97;15381.42;5/20/2022
398;1;15512.36;15352.17;5/19/2022
399;1;15447.22;15287.69;5/18/2022
400;1;15290.07;15135.02;5/17/2022
401;1;15313.14;15154.97;5/13/2022
402;1;15456.38;15299.69;05/12/2022
403;1;15460.77;15301.14;05/11/2022
404;1;15350.15;15191.63;05/10/2022
405;1;15304.76;15149.59;05/09/2022
406;1;15347.9;15193.75;4/28/2022
407;1;15473.32;15313.62;4/27/2022
408;1;15604.86;15443.84;4/26/2022
409;1;15583.1;15425.19;4/25/2022
410;1;15750.68;15588.25;4/22/2022
411;1;15637.16;15475.85;4/21/2022
412;1;15585.22;15428.71;4/20/2022
413;1;15574.79;15414.1;4/19/2022
414;1;15730.15;15569.35;4/18/2022
415;1;15637.21;15475.91;4/14/2022
416;1;15683.07;15521.31;4/13/2022
417;1;15757.5;15594.99;04/12/2022
418;1;15691.39;15529.54;04/11/2022
419;1;15699.27;15541.63;04/08/2022
420;1;15768.25;15605.63;04/07/2022
421;1;15821.34;15658.2;04/06/2022
422;1;15908.95;15749.22;04/05/2022
423;1;15963.13;15800.0;04/04/2022
424;1;16059.24;15898.02;04/01/2022
425;1;16086.35;15920.57;3/31/2022
426;1;15854.86;15691.38;3/30/2022
427;1;15854.78;15694.16;3/29/2022
428;1;15877.04;15713.35;3/28/2022
429;1;15850.11;15686.68;3/25/2022
430;1;15891.0;15727.17;3/24/2022
431;1;15878.54;15717.69;3/23/2022
432;1;15936.13;15771.86;3/22/2022
433;1;15949.43;15789.3;3/21/2022
434;1;15875.15;15715.76;3/18/2022
435;1;15809.31;15650.58;3/17/2022
436;1;15836.19;15677.19;3/16/2022
437;1;15776.25;15613.57;3/15/2022
438;1;15783.65;15620.91;3/14/2022
439;1;15884.03;15720.29;03/11/2022
440;1;15814.93;15654.71;03/10/2022
441;1;15772.25;15609.58;03/09/2022
442;1;15737.29;15574.97;03/08/2022
443;1;15923.54;15763.67;03/07/2022
444;1;16019.36;15854.24;03/04/2022
445;1;16195.63;16028.76;03/02/2022
446;1;16141.98;15978.51;03/01/2022
447;1;16236.66;16069.38;2/25/2022
448;1;16371.51;16202.9;2/24/2022
449;1;16352.06;16183.64;2/23/2022
450;1;16356.26;16187.81;2/22/2022
451;1;16395.05;16226.21;2/21/2022
452;1;16332.92;16164.71;2/18/2022
453;1;16341.09;16172.8;2/17/2022
454;1;16305.4;16137.47;2/16/2022
455;1;16300.24;16132.34;2/15/2022
456;1;16442.45;16273.13;2/14/2022
457;1;16482.93;16317.5;02/11/2022
458;1;16493.78;16326.8;02/10/2022
459;1;16491.02;16322.64;02/09/2022
460;1;16550.43;16380.02;02/08/2022
461;1;16552.94;16382.51;02/07/2022
462;1;16327.45;16159.27;02/04/2022
463;1;16277.32;16113.92;02/03/2022
464;1;16157.69;15991.19;02/02/2022
465;1;16101.99;15936.04;1/31/2022
466;1;16196.1;16033.51;1/28/2022
467;1;16273.29;16109.94;1/27/2022
468;1;16301.33;16136.27;1/26/2022
469;1;16305.02;16139.93;1/25/2022
470;1;16346.53;16181.02;1/24/2022
471;1;16383.35;16218.9;1/21/2022
472;1;16372.73;16204.09;1/20/2022
473;1;16402.08;16237.45;1/19/2022
474;1;16453.05;16286.49;1/18/2022
475;1;16491.32;16325.81;1/17/2022
476;1;16495.36;16325.53;1/14/2022
477;1;16338.37;16174.37;1/13/2022
478;1;16311.95;16143.96;01/12/2022
479;1;16316.3;16152.53;01/11/2022
480;1;16325.25;16161.38;01/10/2022
481;1;16338.69;16170.39;01/07/2022
482;1;16317.95;16149.86;01/06/2022
483;1;16239.65;16072.36;01/05/2022
484;1;16276.0;16108.37;01/04/2022
485;1;16239.2;16073.36;01/03/2022
486;1;16208.9;16044.78;12/31/2021
487;1;16182.85;16016.15;12/30/2021
488;1;16202.59;16037.12;12/29/2021
489;1;16174.64;16008.04;12/28/2021
490;1;16202.12;16035.24;12/27/2021
491;1;16202.77;16038.72;12/24/2021
492;1;16161.64;15996.57;12/23/2021
493;1;16298.33;16134.73;12/22/2021
494;1;16294.71;16128.28;12/21/2021
495;1;16317.46;16149.39;12/20/2021
496;1;16317.46;16149.39;12/17/2021
497;1;16247.24;16079.87;12/16/2021
498;1;16272.68;16105.05;12/15/2021
499;1;16257.43;16094.24;12/14/2021
500;1;16308.15;16143.01;12/13/2021
501;1;16330.89;16162.68;12/10/2021
502;1;16275.56;16110.76;12/09/2021
503;1;16317.56;16152.33;12/08/2021
504;1;16388.32;16220.94;12/07/2021
505;1;16347.97;16183.87;12/06/2021
506;1;16363.06;16194.52;12/03/2021
507;1;16320.18;16152.08;12/02/2021
508;1;16338.78;16170.51;12/01/2021
509;1;16256.4;16090.36;11/30/2021
510;1;16148.2;15981.83;11/29/2021
511;1;16110.88;15944.89;11/26/2021
512;1;16097.55;15931.7;11/25/2021
513;1;16164.97;15998.44;11/24/2021
514;1;16144.28;15979.39;11/23/2021
515;1;16201.16;16034.29;11/22/2021
516;1;16210.07;16047.36;11/19/2021
517;1;16219.03;16051.98;11/18/2021
518;1;16245.84;16078.54;11/17/2021
519;1;16344.34;16178.89;11/16/2021
520;1;16395.51;16228.12;11/15/2021
521;1;16470.28;16302.13;11/12/2021
522;1;16563.15;16395.51;11/11/2021
523;1;16575.67;16409.32;11/10/2021
524;1;16594.92;16428.37;11/09/2021
525;1;16686.42;16516.1;11/08/2021
526;1;16636.19;16466.38;11/05/2021
527;1;16653.43;16486.3;11/04/2021
528;1;16608.28;16440.19;11/03/2021
529;1;16555.11;16384.72;11/02/2021
530;1;16596.04;16425.26;11/01/2021
531;1;16544.64;16374.36;10/29/2021
532;1;16532.86;16366.94;10/28/2021
533;1;16529.22;16360.52;10/27/2021
534;1;16605.82;16437.76;10/26/2021
535;1;16566.99;16400.74;10/25/2021
536;1;16538.75;16369.97;10/22/2021
537;1;16499.37;16329.59;10/21/2021
538;1;16407.62;16240.15;10/19/2021
539;1;16429.04;16261.36;10/18/2021
540;1;16528.93;16358.83;10/15/2021
541;1;16517.39;16348.79;10/14/2021
542;1;16519.89;16349.85;10/13/2021
543;1;16527.46;16357.35;10/12/2021
544;1;16517.75;16351.98;10/11/2021
545;1;16542.85;16372.58;10/08/2021
546;1;16543.84;16373.55;10/07/2021
547;1;16622.87;16451.8;10/06/2021
548;1;16667.35;16495.83;10/05/2021
549;1;16659.66;16488.19;10/04/2021
550;1;16702.62;16530.73;10/01/2021
551;1;16778.32;16605.68;9/30/2021
552;1;16749.53;16577.19;9/29/2021
553;1;16752.37;16584.26;9/28/2021
554;1;16810.28;16637.35;9/27/2021
555;1;16794.44;16621.65;9/24/2021
556;1;16806.25;16633.35;9/23/2021
557;1;16800.34;16630.34;9/22/2021
558;1;16772.8;16600.23;9/21/2021
559;1;16851.74;16679.82;9/20/2021
560;1;16850.5;16678.59;9/17/2021
561;1;16938.69;16764.47;9/16/2021
562;1;16938.9;16766.1;9/15/2021
563;1;16898.04;16724.22;9/14/2021
564;1;16936.63;16766.69;9/13/2021
565;1;16972.5;16797.94;09/10/2021
566;1;16956.76;16782.36;09/09/2021
567;1;16945.13;16772.29;09/08/2021
568;1;16980.48;16810.11;09/07/2021
569;1;17018.18;16847.43;09/06/2021
570;1;17001.86;16831.27;09/03/2021
571;1;16962.36;16789.32;09/02/2021
572;1;16999.99;16827.99;09/01/2021
573;1;17050.46;16876.51;8/31/2021
574;1;17045.56;16871.65;8/30/2021
575;1;17052.06;16876.65;8/27/2021
576;1;17016.94;16841.89;8/26/2021
577;1;16966.5;16791.95;8/25/2021
578;1;16994.79;16819.95;8/24/2021
579;1;16971.15;16800.85;8/23/2021
580;1;16928.42;16755.68;8/20/2021
581;1;16943.78;16770.9;8/19/2021
582;1;17040.91;16867.05;8/18/2021
583;1;16980.31;16805.62;8/16/2021
584;1;16990.17;16815.39;8/13/2021
585;1;16967.78;16797.52;08/12/2021
586;1;16984.4;16813.97;08/10/2021
587;1;17058.98;16886.38;08/09/2021
588;1;17061.51;16890.32;08/06/2021
589;1;17060.25;16884.79;08/05/2021
590;1;17153.14;16976.75;08/04/2021
591;1;17266.86;17089.3;08/03/2021
592;1;17304.55;17126.61;08/02/2021
593;1;17298.48;17120.59;7/30/2021
594;1;17236.89;17059.61;7/29/2021
595;1;17151.93;16975.5;7/28/2021
596;1;17165.13;16990.0;7/27/2021
597;1;17157.39;16982.34;7/26/2021
598;1;17200.66;17023.74;7/23/2021
599;1;17228.87;17051.65;7/22/2021
600;1;17183.14;17006.38;7/21/2021
601;1;17239.06;17066.08;7/19/2021
602;1;17270.53;17094.36;7/16/2021
603;1;17163.95;16987.4;7/15/2021
604;1;17251.74;17074.32;7/14/2021
605;1;17283.77;17107.47;7/13/2021
606;1;17299.26;17121.34;07/12/2021
607;1;17290.49;17112.65;07/09/2021
608;1;17236.35;17061.96;07/08/2021
609;1;17225.94;17051.66;07/07/2021
610;1;17277.54;17104.18;07/06/2021
611;1;17316.82;17140.17;07/05/2021
612;1;17307.56;17129.56;07/02/2021
613;1;17375.43;17196.75;07/01/2021
614;1;17343.78;17165.43;6/30/2021
615;1;17370.33;17194.61;6/29/2021
616;1;17341.78;17166.35;6/28/2021
617;1;17335.07;17161.14;6/25/2021
618;1;17338.56;17160.28;6/24/2021
619;1;17242.45;17069.45;6/23/2021
620;1;17276.36;17103.01;6/22/2021
621;1;17242.64;17065.34;6/21/2021
622;1;17267.62;17090.08;6/18/2021
623;1;17380.22;17201.6;6/17/2021
624;1;17362.93;17184.5;6/16/2021
625;1;17313.24;17139.56;6/15/2021
626;1;17375.15;17198.02;6/14/2021
627;1;17415.3;17236.35;06/11/2021
628;1;17475.17;17297.03;06/10/2021
629;1;17452.24;17274.33;06/09/2021
630;1;17443.18;17265.35;06/08/2021
631;1;17427.68;17249.99;06/07/2021
632;1;17513.75;17335.22;06/04/2021
633;1;17477.98;17299.81;06/03/2021
634;1;17524.86;17344.79;06/02/2021
635;1;17542.61;17363.79;06/01/2021
636;1;17542.61;17363.79;5/31/2021
637;1;17537.87;17359.1;5/28/2021
638;1;17664.03;17483.99;5/27/2021
639;1;17602.03;17421.17;5/26/2021
640;1;17602.03;17421.17;5/25/2021
641;1;17661.31;17482.72;5/24/2021
642;1;17636.47;17456.68;5/21/2021
643;1;17573.63;17395.92;5/20/2021
644;1;17563.41;17382.96;5/19/2021
645;1;17440.4;17262.6;5/18/2021
646;1;17368.63;17194.39;5/17/2021
647;1;17369.64;17192.57;5/14/2021
648;1;17369.64;17192.57;5/13/2021
649;1;17369.64;17192.57;05/12/2021
650;1;17369.64;17192.57;05/11/2021
651;1;17357.48;17180.5;05/10/2021
652;1;17383.61;17204.93;05/07/2021
653;1;17409.09;17232.99;05/06/2021
654;1;17408.14;17230.62;05/05/2021
655;1;17519.9;17341.26;05/04/2021
656;1;17571.22;17392.07;05/03/2021
657;1;17617.08;17440.34;4/30/2021
658;1;17612.8;17434.66;4/29/2021
659;1;17572.26;17394.53;4/28/2021
660;1;17622.27;17441.15;4/27/2021
661;1;17637.0;17458.61;4/26/2021
662;1;17564.07;17384.96;4/23/2021
663;1;17560.72;17381.65;4/22/2021
664;1;17597.25;17416.38;4/21/2021
665;1;17607.07;17426.08;4/20/2021
666;1;17564.22;17388.0;4/19/2021
667;1;17641.0;17461.09;4/16/2021
668;1;17600.34;17422.3;4/15/2021
669;1;17513.86;17336.68;4/14/2021
670;1;17478.83;17303.46;4/13/2021
671;1;17420.83;17241.69;04/12/2021
672;1;17406.18;17231.53;04/09/2021
673;1;17339.33;17162.46;04/08/2021
674;1;17241.43;17068.43;04/07/2021
675;1;17160.2;16983.67;04/06/2021
676;1;17189.64;17014.24;04/05/2021
677;1;17177.0;17000.28;04/02/2021
678;1;17177.0;17000.28;04/01/2021
679;1;17150.6;16978.49;3/31/2021
680;1;17133.73;16957.48;3/30/2021
681;1;17102.77;16931.16;3/29/2021
682;1;17105.38;16929.43;3/26/2021
683;1;17189.2;17012.4;3/25/2021
684;1;17204.66;17032.03;3/24/2021
685;1;17284.48;17106.76;3/23/2021
686;1;17272.67;17099.37;3/22/2021
687;1;17325.67;17147.51;3/19/2021
688;1;17337.42;17163.47;3/18/2021
689;1;17295.15;17117.31;3/17/2021
690;1;17290.97;17113.18;3/16/2021
691;1;17315.66;17137.62;3/15/2021
692;1;17295.32;17117.51;03/12/2021
693;1;17222.16;17045.06;03/11/2021
694;1;17222.16;17045.06;03/10/2021
695;1;17236.12;17058.86;03/09/2021
696;1;17235.75;17058.52;03/08/2021
697;1;17266.44;17093.2;03/05/2021
698;1;17322.2;17148.42;03/04/2021
699;1;17412.13;17233.17;03/03/2021
700;1;17304.57;17130.96;03/02/2021
701;1;17366.52;17188.03;03/01/2021
702;1;17421.87;17244.27;2/26/2021
703;1;17241.89;17064.71;2/25/2021
704;1;17220.72;17043.77;2/24/2021
705;1;17284.4;17106.79;2/23/2021
706;1;17172.21;16997.13;2/22/2021
707;1;17106.84;16931.01;2/19/2021
708;1;17018.74;16843.81;2/18/2021
709;1;17039.36;16868.42;2/17/2021
710;1;16935.45;16765.56;2/16/2021
711;1;17003.88;16829.14;2/15/2021
712;1;17064.84;16890.86;02/12/2021
713;1;17064.84;16890.86;02/11/2021
714;1;17038.04;16867.12;02/10/2021
715;1;16995.15;16820.48;02/09/2021
716;1;16931.84;16761.97;02/08/2021
717;1;16907.9;16734.06;02/05/2021
718;1;16976.79;16806.47;02/04/2021
719;1;16973.53;16800.46;02/03/2021
720;1;17057.03;16885.92;02/02/2021
721;1;17118.11;16942.19;02/01/2021
722;1;17136.76;16964.84;1/29/2021
723;1;17168.0;16995.77;1/28/2021
724;1;17216.09;17043.38;1/27/2021
725;1;17191.57;17019.11;1/26/2021
726;1;17222.07;17049.3;1/25/2021
727;1;17196.3;17021.0;1/22/2021
728;1;17110.23;16935.79;1/21/2021
729;1;17171.6;16995.14;1/20/2021
730;1;17126.45;16951.83;1/19/2021
731;1;17095.1;16923.6;1/18/2021
732;1;17176.67;17001.56;1/15/2021
733;1;17226.17;17049.15;1/14/2021
734;1;17324.57;17150.79;1/13/2021
735;1;17369.97;17192.89;01/12/2021
736;1;17324.15;17146.14;01/11/2021
737;1;17318.46;17140.54;01/08/2021
738;1;17260.28;17084.37;01/07/2021
739;1;17196.43;17021.16;01/06/2021
740;1;17191.87;17015.26;01/05/2021
741;1;17126.12;16950.18;01/04/2021
742;1;17418.89;17241.36;12/31/2020
743;1;17418.89;17241.36;12/30/2020
744;1;17426.73;17247.69;12/29/2020
745;1;17408.11;17229.25;12/28/2020
746;1;17472.41;17294.29;12/25/2020
747;1;17472.41;17294.29;12/24/2020
748;1;17472.41;17294.29;12/23/2020
749;1;17485.56;17307.33;12/22/2020
750;1;17387.52;17210.28;12/21/2020
751;1;17424.02;17245.02;12/18/2020
752;1;17364.57;17190.38;12/17/2020
753;1;17286.55;17113.14;12/16/2020
754;1;17316.68;17142.96;12/15/2020
755;1;17265.21;17087.79;12/14/2020
756;1;17226.69;17051.07;12/11/2020
757;1;17167.17;16994.94;12/10/2020
758;1;17236.94;17064.02;12/09/2020
759;1;17236.94;17064.02;12/08/2020
760;1;17244.27;17067.06;12/07/2020
761;1;17308.73;17133.69;12/04/2020
762;1;17262.74;17089.56;12/03/2020
763;1;17191.39;17018.92;12/02/2020
764;1;17034.55;16863.64;12/01/2020
765;1;17000.03;16825.25;11/30/2020
766;1;16938.04;16763.87;11/27/2020
767;1;16932.86;16762.96;11/26/2020
768;1;16949.69;16775.4;11/25/2020
769;1;16899.24;16725.44;11/24/2020
770;1;16903.85;16734.24;11/23/2020
771;1;16977.37;16807.02;11/20/2020
772;1;16866.15;16696.91;11/19/2020
773;1;16826.25;16653.2;11/18/2020
774;1;16779.69;16611.33;11/17/2020
775;1;16837.07;16665.32;11/16/2020
776;1;16870.16;16696.64;11/13/2020
777;1;16797.28;16625.91;11/12/2020
778;1;16733.75;16564.45;11/11/2020
779;1;16672.51;16501.04;11/10/2020
780;1;16939.03;16766.26;11/09/2020
781;1;17013.5;16838.52;11/06/2020
782;1;17008.58;16833.59;11/05/2020
783;1;17027.61;16852.39;11/04/2020
784;1;17103.12;16928.58;11/03/2020
785;1;17221.85;17049.02;11/02/2020
786;1;17459.26;17279.69;10/30/2020
787;1;17459.26;17279.69;10/29/2020
788;1;17459.26;17279.69;10/28/2020
789;1;17459.26;17279.69;10/27/2020
790;1;17494.17;17318.63;10/26/2020
791;1;17485.2;17305.35;10/23/2020
792;1;17495.65;17315.71;10/22/2020
793;1;17444.79;17269.76;10/21/2020
794;1;17422.72;17243.5;10/20/2020
795;1;17355.43;17176.88;10/19/2020
796;1;17370.02;17192.78;10/16/2020
797;1;17431.2;17253.35;10/15/2020
798;1;17442.93;17264.96;10/14/2020
799;1;17534.1;17358.16;10/13/2020
800;1;17510.99;17335.29;10/12/2020
801;1;17438.11;17263.13;10/09/2020
802;1;17438.66;17263.67;10/08/2020
803;1;17434.28;17254.92;10/07/2020
804;1;17433.65;17258.72;10/06/2020
805;1;17532.17;17356.24;10/05/2020
806;1;17560.78;17380.12;10/02/2020
807;1;17550.25;17369.7;10/01/2020
808;1;17617.79;17436.55;9/30/2020
809;1;17500.2;17324.58;9/29/2020
810;1;17494.83;17314.8;9/28/2020
811;1;17536.56;17356.12;9/25/2020
812;1;17522.2;17343.39;9/24/2020
813;1;17418.39;17239.17;9/23/2020
814;1;17475.01;17299.66;9/22/2020
815;1;17553.23;17374.18;9/21/2020
816;1;17586.1;17406.7;9/18/2020
817;1;17595.97;17419.41;9/17/2020
818;1;17673.62;17494.8;9/16/2020
819;1;17756.88;17575.75;9/15/2020
820;1;17834.42;17651.0;9/14/2020
821;1;17820.81;17639.01;09/11/2020
822;1;17665.42;17488.16;09/10/2020
823;1;17579.85;17399.01;09/09/2020
824;1;17557.87;17378.75;09/08/2020
825;1;17547.18;17371.12;09/07/2020
826;1;17622.11;17442.35;09/04/2020
827;1;17623.3;17446.47;09/03/2020
828;1;17715.26;17537.51;09/02/2020
829;1;17621.29;17441.59;09/01/2020
830;1;17421.95;17242.8;8/31/2020
831;1;17483.86;17308.43;8/28/2020
832;1;17495.17;17316.7;8/27/2020
833;1;17393.61;17219.08;8/26/2020
834;1;17356.5;17182.34;8/25/2020
835;1;17551.64;17371.11;8/24/2020
836;1;17736.81;17554.44;8/19/2020
837;1;17819.04;17635.81;8/18/2020
838;1;17708.07;17530.38;8/14/2020
839;1;17659.09;17478.93;8/13/2020
840;1;17415.64;17236.47;08/12/2020
841;1;17388.97;17214.48;08/11/2020
842;1;17492.03;17312.1;08/10/2020
843;1;17442.01;17267.0;08/07/2020
844;1;17401.35;17222.4;08/06/2020
845;1;17363.47;17186.33;08/05/2020
846;1;17383.39;17204.57;08/04/2020
847;1;17403.79;17224.77;08/03/2020
848;1;17341.66;17163.27;7/30/2020
849;1;17168.74;16996.46;7/29/2020
850;1;17189.55;17012.72;7/28/2020
851;1;17163.02;16986.43;7/27/2020
852;1;17056.09;16880.57;7/24/2020
853;1;17062.8;16887.18;7/23/2020
854;1;16997.91;16822.94;7/22/2020
855;1;17062.07;16887.88;7/21/2020
856;1;17021.34;16846.07;7/20/2020
857;1;16914.14;16739.95;7/17/2020
858;1;16769.76;16597.08;7/16/2020
859;1;16760.24;16592.02;7/15/2020
860;1;16538.89;16369.99;7/14/2020
861;1;16488.88;16319.04;7/13/2020
862;1;16425.8;16260.92;07/10/2020
863;1;16469.48;16299.86;07/09/2020
864;1;16386.62;16219.25;07/08/2020
865;1;16440.2;16270.86;07/07/2020
866;1;16477.91;16312.5;07/06/2020
867;1;16462.83;16294.67;07/03/2020
868;1;16426.74;16257.51;07/02/2020
869;1;16205.65;16040.12;07/01/2020
870;1;16161.57;15999.34;6/30/2020
871;1;16232.96;16067.15;6/29/2020
872;1;16056.04;15894.87;6/26/2020
873;1;16085.64;15924.17;6/25/2020
874;1;16113.53;15951.79;6/24/2020
875;1;16152.74;15986.34;6/23/2020
876;1;15986.52;15824.62;6/22/2020
877;1;16040.81;15879.79;6/19/2020
878;1;16021.94;15861.1;6/18/2020
879;1;16109.05;15943.1;6/17/2020
880;1;16141.99;15975.74;6/16/2020
881;1;16100.83;15934.96;6/15/2020
882;1;16182.37;16015.68;06/12/2020
883;1;16040.35;15877.95;06/11/2020
884;1;16054.22;15891.68;06/10/2020
885;1;15847.38;15688.3;06/09/2020
886;1;15844.92;15681.71;06/08/2020
887;1;16050.93;15889.81;06/05/2020
888;1;15974.02;15809.44;06/04/2020
889;1;16015.57;15851.96;06/03/2020
890;1;16209.77;16047.04;06/02/2020
891;1;16417.64;16248.41;5/29/2020
892;1;16359.79;16191.13;5/28/2020
893;1;16263.4;16097.17;5/27/2020
894;1;16200.51;16037.84;5/26/2020
895;1;16255.67;16089.51;5/20/2020
896;1;16255.74;16092.51;5/19/2020
897;1;16195.08;16028.01;5/18/2020
898;1;16183.73;16021.22;5/15/2020
899;1;16243.42;16080.3;5/14/2020
900;1;16236.15;16070.16;5/13/2020
901;1;16252.61;16084.93;05/12/2020
902;1;16283.59;16120.07;05/11/2020
903;1;16366.19;16201.85;05/08/2020
904;1;16481.18;16315.69;05/06/2020
905;1;16565.41;16397.57;05/05/2020
906;1;16587.47;16416.42;05/04/2020
907;1;16555.0;16384.24;4/30/2020
908;1;16815.1;16643.19;4/29/2020
909;1;16854.26;16680.39;4/28/2020
910;1;16960.08;16789.77;4/27/2020
911;1;16834.34;16663.74;4/24/2020
912;1;16983.65;16808.44;4/23/2020
913;1;16982.47;16810.4;4/22/2020
914;1;17027.65;16852.0;4/21/2020
915;1;16979.72;16806.13;4/20/2020
916;1;16929.79;16759.79;4/17/2020
917;1;17271.66;17096.66;4/16/2020
918;1;17340.42;17163.19;4/15/2020
919;1;17292.19;17113.87;4/14/2020
920;1;17398.09;17218.67;4/13/2020
921;1;17727.55;17544.69;04/09/2020
922;1;17749.88;17568.41;04/08/2020
923;1;17826.26;17642.35;04/07/2020
924;1;17996.5;17810.85;04/06/2020
925;1;17964.34;17779.04;04/03/2020
926;1;18416.33;18226.42;04/02/2020
927;1;18164.37;17982.0;04/01/2020
928;1;18138.14;17951.14;3/31/2020
929;1;18217.06;18029.29;3/30/2020
930;1;18010.77;17829.95;3/27/2020
931;1;17889.79;17705.28;3/26/2020
932;1;17908.82;17724.06;3/24/2020
933;1;17889.46;17709.8;3/23/2020
934;1;17582.58;17401.16;3/20/2020
935;1;17244.87;17067.03;3/19/2020
936;1;16845.86;16675.21;3/18/2020
937;1;16954.69;16779.99;3/17/2020
938;1;16536.18;16365.74;3/16/2020
939;1;16654.92;16483.31;3/13/2020
940;1;16484.69;16314.9;03/12/2020
941;1;16296.15;16129.72;03/11/2020
942;1;16515.03;16344.97;03/10/2020
943;1;16482.08;16312.37;03/09/2020
944;1;16117.73;15951.67;03/06/2020
945;1;15863.49;15704.24;03/05/2020
946;1;15911.01;15747.05;03/04/2020
947;1;15931.1;15766.92;03/03/2020
948;1;16019.04;15858.21;03/02/2020
949;1;15719.95;15562.12;2/28/2020
950;1;15368.7;15212.99;2/27/2020
951;1;15258.35;15100.97;2/26/2020
952;1;15164.64;15012.36;2/25/2020
953;1;15085.92;14930.29;2/24/2020
954;1;14942.48;14788.32;2/21/2020
955;1;14909.35;14756.9;2/20/2020
956;1;14889.82;14740.29;2/19/2020
957;1;14879.67;14730.25;2/18/2020
958;1;14917.43;14767.64;2/17/2020
959;1;14929.93;14775.92;2/14/2020
960;1;14948.92;14796.09;2/13/2020
961;1;14987.47;14836.98;02/12/2020
962;1;15014.34;14863.58;02/11/2020
963;1;15089.44;14937.94;02/10/2020
964;1;15064.82;14913.56;02/07/2020
965;1;15100.59;14948.98;02/06/2020
966;1;15215.16;15062.4;02/05/2020
967;1;15291.89;15136.99;02/04/2020
968;1;15288.59;15135.1;02/03/2020
969;1;15145.9;14989.76;1/31/2020
970;1;15110.12;14958.41;1/30/2020
971;1;15094.31;14942.76;1/29/2020
972;1;15112.82;14961.09;1/28/2020
973;1;15091.84;14940.32;1/27/2020
974;1;15144.16;14989.4;1/24/2020
975;1;15186.79;15034.32;1/23/2020
976;1;15231.0;15078.09;1/22/2020
977;1;15226.57;15073.71;1/21/2020
978;1;15227.6;15074.73;1/20/2020
979;1;15282.63;15129.21;1/17/2020
980;1;15307.56;15153.89;1/16/2020
981;1;15332.43;15174.41;1/15/2020
982;1;15286.61;15129.07;1/14/2020
983;1;15320.89;15167.08;1/13/2020
984;1;15414.92;15260.16;01/10/2020
985;1;15486.6;15326.98;01/09/2020
986;1;15621.09;15464.27;01/08/2020
987;1;15658.84;15497.49;01/07/2020
988;1;15666.8;15509.52;01/06/2020
989;1;15615.39;15454.48;01/03/2020
990;1;15672.34;15510.86;01/02/2020
